model,cv_f1_macro_mean,cv_f1_macro_std
Logistic Regression,0.47460997223441254,0.0037117522903842353
KNN,0.43205238219056863,0.004337845398631365
Gradient Boosting,0.4106423491007439,0.0004033920139997628
Decision Tree,0.48917598246678456,0.0075711176717899245
Random Forest,0.49538254258207265,0.00232854816231798
