model,cv_f1_macro_mean,cv_f1_macro_std
Logistic Regression,0.47460997223441254,0.0037117522903842353
KNN,0.4763601987200996,0.004269397266339659
Gradient Boosting,0.44415074642714786,0.004820827013755931
Decision Tree,0.48917598246678456,0.0075711176717899245
Random Forest,0.49538254258207265,0.00232854816231798
