model,accuracy,precision_high,recall_high,f1_high,f1_macro,roc_auc,cv_f1_macro_mean,cv_f1_macro_std
Logistic Regression,0.5009333333333333,0.3028169014084507,0.4888500218627022,0.3739755812008697,0.47952742035323387,0.5013702667752938,0.47460997223441254,0.0037117522903842353
KNN,0.6370666666666667,0.3006416131989001,0.14341932662877133,0.1941977501480166,0.47999338548529724,0.48757650792463186,0.4763601987200996,0.004269397266339659
Gradient Boosting,0.6776,0.2996941896024465,0.04285089637079143,0.07498087222647284,0.43988023104299584,0.49955456788723424,0.44415074642714786,0.004820827013755931
Decision Tree,0.5613333333333334,0.3023255813953488,0.3353738522081329,0.31799336650082916,0.4973418090365781,0.49439215187284885,0.48917598246678456,0.0075711176717899245
Random Forest,0.5928,0.2919153553988063,0.23524267599475296,0.2605326876513317,0.48978796296090044,0.48684266260788445,0.49538254258207265,0.00232854816231798
